scenario_id,K,rho,beta,jump_cv,mean_jump_fraction,M2_arrival_weighted,M3_arrival_weighted,third_order_indicator,tail_H_5pct,tail_L_5pct,tail_H_10pct,tail_L_10pct,tail_H_25pct,tail_L_25pct
F01,40.0,0.55,1.0,0.8,0.05,209.98560000000003,950.1307200000001,0.03770618556701031,0.45958198464941646,0.3174466191868763,0.15416991872334557,0.06740866204868083,0.003991305605349977,0.00042233640392605053
F03,40.0,0.55,1.0,0.8,0.05,209.98560000000003,950.1307200000001,0.03770618556701031,0.45958198464941646,0.3174466191868763,0.15416991872334557,0.06740866204868083,0.003991305605349977,0.00042233640392605053
F04,40.0,0.55,1.0,0.8,0.1,419.97119999999995,3800.5228800000004,0.07541237113402063,0.736104250185261,0.6294938912428742,0.45958198464941646,0.3174466191868763,0.08607315373617007,0.029785169542391455
F06,40.0,0.55,1.0,0.8,0.1,419.97119999999995,3800.5228800000004,0.07541237113402063,0.736104250185261,0.6294938912428742,0.45958198464941646,0.3174466191868763,0.08607315373617007,0.029785169542391455
F07,40.0,0.55,1.0,0.8,0.05,209.98560000000003,950.1307200000001,0.03770618556701031,0.45958198464941646,0.3174466191868763,0.15416991872334557,0.06740866204868083,0.003991305605349977,0.00042233640392605053
F09,40.0,0.55,1.0,0.8,0.05,209.98560000000003,950.1307200000001,0.03770618556701031,0.45958198464941646,0.3174466191868763,0.15416991872334557,0.06740866204868083,0.003991305605349977,0.00042233640392605053
F10,40.0,0.55,1.0,0.8,0.1,419.97119999999995,3800.5228800000004,0.07541237113402063,0.736104250185261,0.6294938912428742,0.45958198464941646,0.3174466191868763,0.08607315373617007,0.029785169542391455
F12,40.0,0.55,1.0,0.8,0.1,419.97119999999995,3800.5228800000004,0.07541237113402063,0.736104250185261,0.6294938912428742,0.45958198464941646,0.3174466191868763,0.08607315373617007,0.029785169542391455
F27,40.0,0.9,1.0,0.8,0.05,343.6128,1554.75936,0.03770618556701031,0.45958198464941646,0.3174466191868763,0.15416991872334557,0.06740866204868083,0.003991305605349977,0.00042233640392605053
F28,40.0,0.9,1.0,0.8,0.1,687.2256,6219.03744,0.07541237113402062,0.736104250185261,0.6294938912428742,0.45958198464941646,0.3174466191868763,0.08607315373617007,0.029785169542391455
F31,40.0,0.9,1.0,0.8,0.05,343.6128,1554.75936,0.03770618556701031,0.45958198464941646,0.3174466191868763,0.15416991872334557,0.06740866204868083,0.003991305605349977,0.00042233640392605053
F36,40.0,0.9,1.0,0.8,0.1,687.2256,6219.03744,0.07541237113402062,0.736104250185261,0.6294938912428742,0.45958198464941646,0.3174466191868763,0.08607315373617007,0.029785169542391455
R03,70.59748964826045,0.75,1.3599456688054614,0.8778319414100942,0.075,1530.7651376794952,21607.219715873805,0.06664687830523537,0.6037596260567748,0.4860505662911716,0.3208212655171694,0.20058309202292826,0.04104690876528847,0.011726201506236848
R06,66.48482474595114,0.75,0.8175159453081753,1.3144669734464547,0.075,2162.4705045020573,51900.0085094249,0.12032987166670836,0.47006696361354283,0.39310035499617113,0.2898500351143421,0.21215270557838828,0.08268859707983854,0.04163294424165059
R07,46.098822108503,0.75,0.6434876162608449,1.6305813729403071,0.075,1375.1134358930299,32057.490749710087,0.16856985635960295,0.4010912429793597,0.34189797779268827,0.2635042353915599,0.20394672275755338,0.09774536303258052,0.058461386839796445
R08,79.04219540629953,0.75,0.9519644612411616,0.7707936245567851,0.075,1740.72707650402,23850.77074326539,0.05778185554304512,0.6478636770415098,0.5155083574471752,0.32517940515289656,0.18911725952923236,0.0280936932808433,0.0059908878482281104
R12,33.01735138523294,0.75,1.3291356969345465,1.205396721855852,0.075,418.0293569796384,3820.1536248258635,0.09225938591922372,0.49831686262974195,0.4133786702408948,0.29864235069850237,0.21274385907794896,0.07466966545645107,0.03437676758837867
R13,72.51141962371166,0.75,1.033826919805553,1.7994718580025868,0.075,3553.539920500626,139512.31506443495,0.18047775674423214,0.3703764430409857,0.3183144995595356,0.24965924225682484,0.1973344772869628,0.1018710018490618,0.0647064836386395
R17,40.2317973189763,0.75,0.883270566806525,0.8666888824965875,0.075,463.43740716463606,3468.1297480861167,0.062003122544243845,0.6080714938118816,0.4889448547334695,0.3213727793855895,0.19961919110046095,0.03970722731190504,0.011055963938825351
R18,76.54591196947717,0.75,1.2657516134730886,1.5336223384973935,0.075,3585.10608737236,128708.93884934582,0.15633760047116183,0.42049016566430275,0.3565447818073353,0.2715934125176809,0.2072029287999984,0.09427008133890241,0.05402465692759809
R20,62.33989612510437,0.75,1.376384577519481,0.5684313515045001,0.075,791.5492082545418,5656.584135194726,0.03821105277023553,0.7521752159502348,0.5857246011134496,0.32448010119785836,0.14930130890864943,0.007269240937325756,0.0005435428333424034
R22,31.889274878764784,0.75,0.7884968631318894,0.64309575480216,0.075,255.60041543941622,1197.7267178024272,0.04898129728539712,0.7098955326321204,0.5569035979965223,0.32660569537590844,0.16740004110807122,0.013804842308508716,0.001701060579745131
R23,54.54610720468429,0.75,0.6845680546725874,0.5083616139029571,0.075,641.824904679219,4133.029341648607,0.03935200883664521,0.7899661217489444,0.6124756790761603,0.3203864020463527,0.13114405835839626,0.003531749683924757,0.0001496583500487286
R24,64.22675742329598,0.75,1.1108822240916552,1.9438698202973008,0.075,3282.311696804225,136564.44238775288,0.21593376842756865,0.34681050194996144,0.29989890813977116,0.23820895074608084,0.1910945289701393,0.10382736819043098,0.06869376932657488
V01,55.13057390972789,0.6482280779644518,0.6663009061110894,0.9748602243913376,0.0943574041751099,1101.8434020824138,17208.340939418376,0.09442899297821603,0.640721475106385,0.5440398083721427,0.4020036000703972,0.28827710775286075,0.09693519085445051,0.04170648478361181
V02,42.442118973062506,0.7068711620199213,1.2328264741540391,0.7893647674002754,0.0614824739454772,395.37023198374277,2450.7285681356907,0.04868250674496012,0.5567519891244943,0.4163949365023003,0.2344077493667543,0.12050918372729033,0.012072943402304416,0.0019114365895543809
V03,59.58877356636329,0.6730186465520287,0.9184997864707874,1.3574944076926176,0.074737215316395,1552.252592434857,33712.4741811003,0.12149055926027767,0.45879461539112953,0.38462768239385126,0.2854138277204249,0.2106831565792748,0.08484923916672514,0.04393115615869923
V04,32.59861052885972,0.8716277490102732,1.3189681596155711,1.644259307758925,0.0974586577609261,916.6062874594505,17359.278592337436,0.1936549030314143,0.4470970184847799,0.3907797304578593,0.3144058230941086,0.254390579728184,0.13967349589619066,0.0923572487026999
V05,68.43055594026143,0.5644743641075931,0.7502909314771677,1.985351061877873,0.0639637268656082,2376.941344871724,89576.67692284974,0.183571458829317,0.3165958825171301,0.27053542716214535,0.21075032541223215,0.1658461707399773,0.08519924195394109,0.05416768689674924
V06,42.86632525161223,0.8142049297478628,0.9563866332642504,1.1136395226839018,0.0751283804214447,736.7461999009013,8239.248177818423,0.08696253087555007,0.5248550687898808,0.43227624778462304,0.30623308481818606,0.21233914362179226,0.06692782128494382,0.028066685786739844
V07,77.4292171434216,0.8025325272659999,1.0463309832573318,0.6463231895361681,0.0667111639687037,1488.0148061953132,15563.632467322788,0.04502747469658849,0.6534085072322801,0.48861213280790994,0.26062774980737163,0.11987768479721651,0.006881674144831813,0.0006399250036602442
V08,64.77830798847828,0.6169429458631464,1.3362301812776065,1.3778491596111455,0.0792019769975739,1906.5648898651884,50953.00029787624,0.13752045991823075,0.4675074597291976,0.39538660860644104,0.29819135094410565,0.22406414995301788,0.09564730164922562,0.05180537290093068
V09,54.56590035203533,0.770412587111599,0.6827128650659869,1.203033306480127,0.0513235846596019,856.779292058179,9474.294740384612,0.0675515548484644,0.39135870409428153,0.3022126599323603,0.19207987789227357,0.1192951248071131,0.02702648320963659,0.008917362809112983
V10,36.98096445662485,0.5799228839160672,1.1767318761069616,1.858086415939037,0.0561450521045765,553.3078419913077,8620.323875230017,0.14042915079086438,0.31278215422391853,0.2619992989425877,0.1969226279543542,0.14914103072993967,0.06783908494428063,0.039333651489326674
V11,72.81549506340781,0.7474886456496668,0.8464511912490322,0.6071751924654281,0.0855228232180865,1458.3350522576557,16837.203055532907,0.052852748113682166,0.7847565441714635,0.6446071245770404,0.4086389255014958,0.22569968537611135,0.02255467305076221,0.0031224361626378872
V12,49.99276017678936,0.8556658741591731,1.0967360530473664,1.5878354832824946,0.0910202252209348,1965.544886657663,52821.89446465355,0.17918540673527883,0.44718507239873506,0.3877408291237068,0.3073412787756711,0.24462382250426457,0.1272858010747675,0.08074526117212115
